INSERT INTO Estado (nombre)
VALUES
  ('Aguascalientes'),
  ('Baja California'),
  ('Baja California Sur'),
  ('Campeche'),
  ('Chiapas'),
  ('Chihuahua'),
  ('Coahuila'),
  ('Colima'),
  ('Durango'),
  ('Guanajuato'),
  ('Guerrero'),
  ('Hidalgo'),
  ('Jalisco'),
  ('Estado de Mexico'),
  ('Michoacan'),
  ('Morelos'),
  ('Nayarit'),
  ('Nuevo Leon'),
  ('Oaxaca'),
  ('Puebla'),
  ('Queretaro'),
  ('Quintana Roo'),
  ('San Luis Potosi'),
  ('Sinaloa'),
  ('Sonora'),
  ('Tabasco'),
  ('Tamaulipas'),
  ('Tlaxcala'),
  ('Veracruz'),
  ('Yucatan'),
  ('Zacatecas'),
  ('Ciudad de Mexico');

INSERT INTO Ciudad (IDEstado, nombre)
VALUES
  (1, 'Aguascalientes'),
  (2, 'Mexicali'),
  (3, 'La Paz'),
  (4, 'Campeche'),
  (5, 'Tuxtla Gutierrez'),
  (6, 'Ciudad Juarez'),
  (7, 'Saltillo'),
  (8, 'Colima'),
  (9, 'Victoria Durango'),
  (10, 'Guanajuato'),
  (11, 'Chilpancingo'),
  (12, 'Pachuca'),
  (13, 'Guadalajara'),
  (14, 'Toluca Lerdo'),
  (15, 'Morelia'),
  (16, 'Cuernavaca'),
  (17, 'Tepic'),
  (18, 'Monterrey'),
  (19, 'Oaxaca Juarez'),
  (20, 'Puebla angeles'),
  (21, 'Santiago Queretaro'),
  (22, 'Chetumal'),
  (23, 'San Luis Potosi'),
  (24, 'Culiacan Rosales'),
  (25, 'Hermosillo'),
  (26, 'Villahermosa'),
  (27, 'Ciudad Victoria'),
  (28, 'Tlaxcala Xicohtencatl'),
  (29, 'Xalapa'),
  (30, 'Merida'),
  (31, 'Zacatecas'),
  (32, 'Ciudad de Mexico');

INSERT INTO Estacion (IDCiudad, nombre)
VALUES
  (1, 'Estacion Central'),
  (2, 'Terminal del Norte'),
  (3, 'Estacion del Sur'),
  (4, 'Terminal de Autobuses Oriente'),
  (5, 'Estacion Central de Autobuses'),
  (6, 'Terminal de Autobuses del Este'),
  (7, 'Estacion de Autobuses Central'),
  (8, 'Terminal del Centro'),
  (9, 'Estacion de Autobuses del Norte'),
  (10, 'Terminal del Sur'),
  (11, 'Estacion Central de Autobuses'),
  (12, 'Terminal de Autobuses del Oeste'),
  (13, 'Estacion del Centro'),
  (14, 'Terminal de Autobuses Central'),
  (15, 'Estacion de Autobuses del Este'),
  (16, 'Terminal del Norte'),
  (17, 'Estacion Central del Sur'),
  (18, 'Terminal de Autobuses del Centro'),
  (19, 'Estacion de Autobuses Central'),
  (20, 'Terminal de Autobuses del Sur'),
  (21, 'Estacion Central del Norte'),
  (22, 'Terminal de Autobuses Este'),
  (23, 'Estacion Central de Autobuses'),
  (24, 'Terminal del Oeste'),
  (25, 'Estacion de Autobuses Centro'),
  (26, 'Terminal de Autobuses Central'),
  (27, 'Estacion del Sur'),
  (28, 'Terminal del Norte'),
  (29, 'Estacion Central'),
  (30, 'Terminal de Autobuses del Centro'),
  (31, 'Estacion de Autobuses Central'),
  (32, 'Terminal del Este');

INSERT INTO Conductor (nombre, email, telefono) VALUES
	('Joaquin Castro Sarmiento', 'genji@JGL.com', '6672607022'),
    ('Gilberto Montoya Lopez', 'gilberto@SDLG.com', '6670702269');

INSERT INTO Autobus (marca) VALUES
	('Pacifico'),
    ('Pacifico'),
    ('Pacifico'),
    ('Pacifico');
    
INSERT INTO Viaje (idConductor, idAutobus) VALUES
	(1, 1),
    (1, 2),
    (2, 1),
    (2, 2);

